index,reason,orig_reason,Similarity Score
4001,"The mention of taking multiple drugs and smoking at a young age indicates a potential medication-related stress. Using substances at a young age can have serious psychological and physical consequences, leading to concerns about mental health and well-being.", take a lot of different drugs and im smoking,0.48707419633865356
4002,"The person is describing a multitude of symptoms such as feeling lost, failing at tasks, turning away from loved ones, experiencing negative thoughts, and having suicidal ideations. These are common indicators of deep-seated depression and mental health struggles that require professional intervention and medication. The mention of being on medication and seeking professional help suggests that the individual is in a medication-related stressed mental state.","got divorced, turning away from people i adore and not being fair to them ",0.0918164849281311
4003,"The mention of suicide and overdose indicates a medication related stress. The person seems to be feeling low, pathetic, and like nobody cares, which could be leading to thoughts of self-harm. It is important for them to seek professional help and support as soon as possible.",nobody cares,0.11614382266998291
4004,"The premise indicates relationship related stress as it involves the struggle with a toxic key member of the family, feeling left out, and comparing personal progress with that of others, leading to mental health deterioration.",toxic key memeber of family,0.40514257550239563
4005,"The person's mental state is related to medication, as indicated by their concern and uncertainty about having access to their medication. The fact that the person's mom took away their medications and they now feel unsure about having them back suggests a level of stress and doubt related to their medication situation.",mom took all my meds away,0.5953700542449951
4006,"The mention of suicidal thoughts, desire for a quick way out, seeking medical advice on overdose of medication, and desperation indicated a potential medication related stress. The use of terms like 'quick way to kill myself', 'otc pills', and specific dosage inquiries suggest a mindset revolving around medication as a solution to the perceived problems.",i'm coward,0.12429027259349823
4007,"The mention of being sick, having trouble getting out of bed, struggling to read, feeling like wishing for death, and being exhausted are indicative of a state of mental distress related to potential medication issues.","i'm sick, always tired",0.4483800530433655
4008,"The person in the premise is experiencing relationship-related stress. This is evident from the negative interactions with their coworker at the shelter, who is being mean to both them and the people at the shelter. The conflict with the coworker has led to a situation where the person feels unfairly treated and is now questioning their job, their future, and their self-worth. This stress is further compounded by the responsibilities of taking care of their family and feeling overwhelmed by the situation. The feelings of being attacked, misunderstood, and struggling to make ends meet indicate a relationship-related stress.","cowokrer's that act like high school kids talking shit about other other coworkers, we have this coworker, shes's real mean to the people, coworker gets mad, shes lies and says i threaten herm probably wont have a job",0.3885685205459595
4009,"The person mentions being in a serious depressive episode, feeling like a failure, contemplating self-harm, and planning a suicide. These thoughts and behaviors indicate a medication-related stress, possibly due to the person's mental health condition and challenges with rational thinking, which they attribute to their autism.","graduate from this shitty community college,  i thought i actually did well on my midterms but I just barely scraped by,  terrible my tests were",0.12851709127426147
4010,"The person is expressing extreme self-hatred, low self-esteem, and feelings of worthlessness, which are indicative of alienation-related stress. They feel disconnected from their own body and sense that they don't belong or fit in. The intense focus on physical appearance and comparing themselves unfavorably with others shows a profound sense of alienation from themselves and potentially from societal standards of beauty. The desire to end their life suggests a deep sense of despair and isolation.","always been an ugly kid and hated the way i looked, i envied my childhood friends because they were prettier than me,  i hate everything about my face and my body,  i hate the way my skin looks,  i hate everything about myself",0.3713732957839966
4011,"The person exhibits feelings of emptiness, burden, lack of motivation towards learning new skills, and lack of interest in self-improvement activities. They express a strong sense of alienation and disconnection from the idea of working hard and developing themselves. This alienation and lack of hope are evident in their words, indicating a deeper emotional struggle with finding meaning or joy in any form of effort or growth.","can't go back to school, because, need skills, feel empty, burdened, studing, work, job",0.4763827919960022
4012,"The person is experiencing alienation-related stress as they feel like their issues are trivial compared to others, and they feel unworthy of help because they perceive that others have more severe problems or lack access to therapy.",don't feel so worthy,0.15643920004367828
4013,"The person is exhibiting feelings of alienation and isolation from their friends and family, as indicated by the statement 'All my friends and family are so confused by my increasingly poor life decisions lately'. The person expresses a sense of disconnection and detachment from their loved ones and society in general. This sense of alienation is further emphasized by the reluctance to share their struggles with anyone, feeling lost, and not wanting to use the word 'depression' to describe themselves. The person's contemplation of suicide and the feeling of justification for the mess in their life also point towards deep emotional alienation and disconnection.","poor life decisions, feels impossible to prioritize even the most important task",0.34990453720092773
4014,"The language used in the premise indicates feelings of alienation and self-deprecation, suggesting a sense of disconnect or isolation from others and a lack of self-worth.","i can't do anything right, I'm a dumbass, i just keep messing everything up, can't even do basic stuff, i'm pathetic",0.06590478867292404
4015,"The person is experiencing relationship-related stress, specifically stemming from a long-distance relationship that ended. The individual is struggling with feelings of rejection, inadequacy, jealousy, and regret related to their past relationship with their ex-girlfriend. This has led to a cycle of negative thoughts, panic attacks, self-harm behavior, and suicidal ideation. The constant obsession over the ex-partner being with someone else is causing a significant amount of emotional distress and impacting the person's mental health.","date this girl, started getting bored with relationship, mutually decided to break it off, regret not being there for her enough",0.3552769124507904
4016,"The person is expressing feelings of alienation and isolation, mentioning that they don't have anyone to talk to and feeling lost without advice. This sense of disconnection and lack of support is contributing to their feelings of anxiety and helplessness.","the voice in my head says that even if I tried, i wouldn't get anywhere, i wouldn't succeed",0.14479650557041168
4017,"The individual is experiencing significant stress related to their job and career. They mentioned feeling overwhelmed by financial difficulties, being unable to afford bills, having to beg for money, and feeling behind in life after moving across the country for a new start. The frustration with their current job, the lack of hours given to them, and the unsuccessful job applications in a competitive college town all point towards job and career-related stress as the dominant factor in their mental state.","can't even afford my bills, beg for money, had $5000 saved and its all gone, job is complete shit",0.45633408427238464
4018,"The person is experiencing loneliness and alienation, feeling completely isolated and disconnected from others. They express despair and hopelessness about their situation, indicating a strong sense of alienation and disconnection from the world around them.","loneliness is killing me inside, alone",0.5719265341758728
4019,"The individual is in a mental state of medication-related stress due to several factors. Firstly, they have been diagnosed with depression and have mentioned a failed suicide attempt. They express feeling overwhelmed by their family's expectations and financial burdens, as well as their own struggles with studying and recovery. Moreover, their family's belief in supernatural causes for mental health issues has led to a lack of appropriate therapy or treatment. This has contributed to a sense of hopelessness and helplessness, with concerns about the impact of their actions on their family's mental health. The individual's fear, anxiety, and perception of a grim reality further indicate a deep emotional turmoil exacerbated by the lack of proper mental health support and understanding from their family.","I'm being burden on family,  my parents this is happening because of some sort of supernatural evil thing, ey didn't took me to therapy ever again,  they also have to give dowry for my marriage and pay for my education",0.4536631107330322
4020,"The person seems to be experiencing alienation related stress. Despite not feeling sad or angry, they describe their life as dull and gray, and mention living on autopilot. The constant thoughts of suicide and dark fantasies suggest a disconnect from their own experiences and emotions, leading to a sense of detachment or alienation from their own life and surroundings.","physical pstd from overdosing, trauma, blood poll in the tub beneath me",0.18687310814857483
4021,"The person is feeling relationship-related stress because they mentioned losing friends, lack of communication with parents, and experiencing humiliation from someone in their past. These factors indicate a feeling of isolation and emotional distress related to their relationships with others.",lost my job,0.13858981430530548
4022,"The individual's description of feeling disconnected, confused about their emotions, and having concerns about whether their experiences are valid or not indicates a sense of alienation and internal conflict. They express a fear of being judged or misunderstood, as well as a lack of support from their immediate family, particularly their father. These feelings of isolation and self-doubt are common themes with alienation-related stress.","feel like i am mocking, i'm too much of a pussy",0.1387636661529541
4023,"The person mentions being on Prozac, which is a medication typically used to treat conditions such as depression and anxiety. The individual expresses feeling broken, making mistakes, and being unsure about their future, which are common signs of medication-related stress. Additionally, the mention of being on a 30-day performance review and the fear of getting fired further indicate stress related to the impact of their mental state on their career.","always been little listless and sad, even in elementary school, didn't really excel at sports, probably getting fired, im broken, how will i ever make money",0.11683245748281479
4024,"The person has been diagnosed with anxiety and depression, and is currently taking prescription medication (Lexapro) for their condition. They mentioned that the medication has been helping them by improving their energy levels, sleep, IBS symptoms, and migraine episodes. This indicates that medication has played a significant role in managing their mental health issues. Therefore, the individual seems to be under medication-related stress.","got out o 6 year relationship, close friend of mine decided he did not want to be friends with me anymore",0.04723744094371796
4025,"The person expresses feelings of loneliness, uselessness, and alienation, indicating a deep sense of disconnection from others. They mention having difficulty making friends and feeling isolated despite having acquaintances from high school. This sense of alienation from their peers and feeling unnoticed or unwanted by others suggests that the individual is experiencing alienation-related stress.","i feel so useless, i am not good at anything, I'm not intresting",0.3460569381713867
4026,"The person is going through a severe mental health crisis as they are experiencing intense depression, anxiety, and suicidal thoughts. They mentioned being on medication which is making them feel less like themselves, indicating a struggle with finding the right treatment. The focus on medication, doctor's appointments, and feeling like there is no guarantee of improvement suggests a deep sense of distress related to medication and treatment, categorizing their mental state as Medication related stressed.","I've shut off myself from my friends and family, feel less and less like me every day and the void inside me is just getting bigger and bigger ever day",0.36560946702957153
4027,"The person is articulating feelings of being overwhelmed, alone, and uncared for. They express thoughts of suicide, self-deprecation, and self-harm, indicating a sense of alienation and possibly a lack of support or connection with others. These feelings of loneliness and despair may stem from a perceived lack of understanding or concern from those around them, leading to a profound sense of isolation.","feels like theres a lump in my throat and a weight on my chest, I know i need to get this work done but thinking about it makes me anxious",0.16508743166923523
4028,"The person is exhibiting signs of extreme emotional distress and exhaustion due to the continuous strain of being in a long-term relationship with a partner who is suffering from depression. The feelings of being constantly berated, emotionally abused, and unappreciated by the partner have taken a toll on their mental state, leading to a sense of helplessness and despair. The mention of struggles with intimacy, feeling repulsed during sex, and being made to feel unworthy further indicates a deep relationship-related stress and strain.","wife has had varying levels of depression, cannot deal with her complaing anymore, cannot deal with her moods anymore, cannot deal with her bias anymore, cannot deal with being used as her verbal and emotional punching bagm cannot keep doing everything around the house, cannot keep dreading every time my phone rings, cannot keep coming home and wondering what sort of mood she's in, I cannot be told that I‚Äôm a shit father, I cannot be told how crap my family is",0.5120354890823364
4029,"The person is in a state of job and career-related stress. The individual expresses feelings of being unemployed, unsure about their career path, disappointment in their current academic pursuits, and struggling with the job search process. Additionally, the mention of feeling 'left out to pasture' and the financial concerns such as college loans and saving for a down payment indicate a significant level of stress related to their job situation and future prospects.","unemployed, struggling to find the motivation to do my work, immensely regret going to business school",0.45709773898124695
4030,"The person expresses feelings of alienation and loneliness, mentioning lack of friends to talk to, family members who are not available or caring, and people in their contacts who are self-absorbed. This sense of being isolated and unsupported contributes to their current state of feeling down and sad.","have no friends to talk, family doesnt care",0.4266017973423004
4031,"The person expresses feelings of extreme loneliness, alienation, and a sense of being left behind by others. This is indicated by statements such as 'I have no one to play with', 'I hate myself', 'I'm always left behind by everyone', and 'I just want to die'. The individual mentions spending long hours playing video games alone as their only hobby, indicating a lack of social connection. This sense of isolation and alienation is further reinforced by the inability to attend school due to anxiety and physical pain, leading to a cycle of negative emotions and self-perception.","alone, noone to play with, it's not a life to stay in my bedroom playing all days",0.4301247000694275
4032,"The person expresses feelings of alienation, loneliness, and lack of care from others. They also mention struggles with their mental health, suicidal thoughts, and dependency on various drugs to cope with their emotions. These reflections indicate a sense of disconnection from society and inner turmoil, which align with Alienation related stress.","retrograde amnesia, use drugs to cope, weed, adderall, lean, alcohol, xanax, ambien, lsd",0.2023199200630188
4033,"The person expresses feelings of alienation, lack of enjoyment, isolation from friends, and a desire to die. These feelings suggest a deep sense of disconnection from themselves and others, leading to a state of alienation.","dissociative personality disorder, disorder is getting worse",0.22955963015556335
4034,"The person is experiencing relationship-related stress. They are deeply attached to someone who they love but are faced with rejection and heartbreak. This unrequited love has led to feelings of humiliation and desperation, as well as thoughts of self-harm if the situation does not improve. The intensity of emotions and the focus on the romantic relationship suggest a significant impact on their mental state.","can't forget her, shes hates me, blocked me, never had relationship",0.27301913499832153
4035,"The individual is experiencing relationship-related stress. The references to the breakup with their girlfriend, feelings of loneliness, seeking comfort in physical intimacy, and desire for someone to love them all point towards a significant emotional struggle in the realm of relationships.","nobody seems to have any time for me, girlfriend split up, want someoen to love me",0.37848198413848877
4036,"The feelings of detachment, nostalgia, and longing for a past time could indicate a sense of alienation. The person seems to be struggling with a disconnect between their expectations and reality, which can lead to feelings of strangeness and unease.",felt like i hadn't played it in a long time even though i played yesterday,0.2871361970901489
4037,"The person is feeling alienated and disconnected from others, experiencing loneliness, lack of social support, and low self-esteem. They express feelings of not having friends, feeling hated by their parents, and not finding a reason to go on. The use of derogatory language towards themselves ('pussy') and fear of posting indicate a deep sense of alienation and disconnection from society.","don't have friends anymore, my parents hate the new me",0.23614773154258728
4038,"The person's description of being paralyzed with depression, struggling to do basic tasks, and experiencing memory issues aligns with symptoms commonly associated with medication-related stress. The mention of being in therapy and learning about the impact of depression on the brain further supports this categorization.","paralyzed, cannot do basic task for myself, first shower in a few days i was dreading it because it seems so hard now",0.3804914951324463
4039,"The person expresses feelings of being tired, sadness, guilt, selfishness, worthlessness, and negativity, but still shows concern for their loved ones and wishes for strength for those in need. This emotional complexity and the conflicted thoughts indicate that the person is in a good mental state, despite feeling overwhelmed and exhausted.","feel like i can succeed but i don't see the point if i still will not be happy,  rest of my life makes me not want to live through it, can't take it anymore, mo matter how much effort i put into happiness, i can't seem to get close without cheating",0.30838581919670105
4040,"The person who wrote the premise is experiencing extreme feelings of alienation, loneliness, and worthlessness. They express a deep sense of disconnection from themselves and others, feeling like they don't belong and are not understood. The feelings of not being good enough, trying to be someone else, and never finding happiness or satisfaction indicate a profound sense of alienation from their own identity and existence. Additionally, the thoughts of constant pain, wishing for death, and feeling undeserving of love or happiness further emphasize the theme of alienation and extreme emotional distress.","negeative thoughts about myself, I'll never be good enough, never happy with whoo i was as a person, uglynessm",0.47183358669281006
4041,The writer's mention of trying to kill themselves in school and connecting the idea of a caring girlfriend being equal to 100 friends suggests a deep sense of loneliness and a longing for emotional support. The writer's preference for finding a girlfriend online and the negative self-perception regarding social skills and physical appearance indicate relationship-related stress and a desire for connection and acceptance.,no one would be intresting in me with my social skills and the red in my neck,0.30029016733169556
4042,"The text indicates a deep sense of hopelessness, despair, and worthlessness, which are common emotions experienced in relationship-related stress. The mention of a strained relationship with the boyfriend and thoughts of self-harm in the context of potentially losing this relationship suggest a strong connection to relationship issues.","been 10+ years of telling myself the same thing over and over and over, nothing ever changes,  few good days here and there but it's mostly all shit",0.20115041732788086
4043,"The person expresses feelings of fear and reluctance to open up to others due to concerns about potential consequences, especially with the office and parents. They mention guilt, worry about worrying others, and feeling bad despite attempts to help, reflecting relationship-related stress and struggles in their interpersonal connections.","scared to open up, same deal with parents can't open up about suicide, ",0.37550508975982666
4044,"The language used in the premise indicates a sense of alienation and feeling misunderstood by others. The individual expresses a deep sense of isolation due to feeling judged and smeared for their mistakes, leading to feelings of being unapproachable and not being treated with understanding like others facing trials. This sense of alienation, emotional turmoil, and desire to feel normal suggests that the person is experiencing stress related to alienation from those around them.","isolated for coming across a certain way, people will judge, i'm a permanent smear of my mistakes,, people misunderstand thier emotional turmoil",0.4948565363883972
4045,The person expresses a lack of emotional connection with others and feels isolated and detached from their social relationships. This sense of alienation is causing them distress and making them question the purpose of living without the ability to feel emotions towards others.,"I never ever get that feeling when you like/care about someone, I don't care about my family friends acquaintances people no one",0.3588531017303467
4046,"The person expresses feelings of alienation and guilt towards their family, feeling like a burden and a source of pain for them. They mention wanting to disappear and feeling unable to change, which are common indicators of alienation-related stress.",my parents have gone through so much because of me,0.2457432895898819
4047,"The premise indicates a deep emotional pain caused by a past relationship. The person expresses feelings of hurt, sadness, and betrayal related to the past relationship. The mention of crying, feeling different after the breakup, and longing for the glow and love they once had with the person all point to relationship-related stress and emotional turmoil.","broke up, i went and saw you it hurt i cried myself to sleep i went to bed hurting and i woke up hurting",0.4395769238471985
4048,"The person is feeling alienated and struggling with the perception of being treated differently by others, which is causing distress regarding forming new friendships. This sense of alienation and concern about being judged can be an isolating experience, impacting one's mental state.","people see me as different, treat me in a more childish way",0.40318238735198975
4049,"The person is experiencing symptoms related to their nose surgery, including air flow issues, lack of sensation in the nostrils, and difficulty breathing, which are all linked to the medication or treatment received during the cosmetic rhinoplasty. The mention of being on sleeping pills further indicates a reliance on medication to cope with the symptoms, suggesting a state of stress related to medication usage and its consequences on their well-being.","open cosmetic rhinoplasty, air flow was dfferent in each nostril, slight pain in my left but i chalked it up to swelling, on sleeping pills, empty nose syndrome",0.6516115665435791
4050,"The person is experiencing extreme self-consciousness and emotional distress related to their partner's past sexual experiences and their own self-perception. This has led to feelings of inadequacy, low self-worth, and impacts their ability to engage in intimate activities. Additionally, the person's struggle with finding direction in life and uncertainty about the future further exacerbates their relationship-related stress. The desire to propose to their significant other but feeling unable to do so due to their current state reflects a deep emotional turmoil in the relationship aspect of their life.","feeling depressed and terrible, i am so extremely self conscious, i feel so terribly low, i can't seem to find a direction in life",0.3249458074569702
4051,"The person expresses feelings of loneliness, having unique traits and opinions that others criticize, and making enemies who hurt them mentally. This suggests a sense of alienation and disconnection from others, leading to significant distress and feelings of being alone in the world.","i feel i am alone, people would give me crap",0.411261647939682
4052,The person's heightened emotional response to traffic and feeling like they want to drive off the road indicates relationship related stress. The frustration caused by the traffic situation while driving his girlfriend suggests a possible strained relationship or emotional turmoil impacting their mental state.,"literally driving my girlfriend to this store and traffic was so insane, the slightest inconvenience is starting to set me off, worries me",0.4783814549446106
4053,"The person seems to be experiencing relationship-related stress. They are feeling disconnected from their past, nostalgic about old friendships, afraid of the future, and contemplating letting go of memories to move forward. These feelings are often associated with relationship issues such as loneliness, fear of abandonment, and longing for connection.","i hate my life right now, i am scared of the future,  i hate getting older, i feel like i have to at this point.",0.30703476071357727
4054,"The person's self-disgust, self-hatred, and feeling of being unable to right the wrongs they've done, leading to the loss of relationships with loved ones and lack of hope for the future, suggests relationship-related stress.","disgusted with myself, hating myself, now by losing relationships with all the ones i love, i don't see any future where things can be mended.",0.5017330646514893
4055,"The person is expressing feelings of self-doubt, low self-worth, and struggling with personal growth. They mention their struggles with depression, apathy, and difficulty in taking positive steps to improve their mental health. The individual reflects on past experiences where they put off necessary self-care (such as dental health) until they faced severe consequences. They also express a desire for help and acknowledgment of their weaknesses. This indicates a strong sense of relationship-related stress and a need for self-acceptance and self-love. The mention of therapy and seeking help from friends and family further supports the categorization under relationship-related stress.","I haven't felt like myself at all, I wish I could work thru these things easily like a normal person, I've never really lost love for myself because I know I'm a good man, I need to pick myself up off the ground",0.2973548173904419
4056,"The person expressed feelings of alienation, hopelessness, and numbness throughout the premise, which are indicators of alienation-related stress. The individual feels disconnected from society, experiences a sense of not belonging, and struggles with the feeling of being pushed back into the void despite their efforts to overcome challenges. This deep sense of despair and contemplation of giving away their beloved pet and harming themselves are strong signals of alienation-related stress.","lost my old job a month ago, I was unable to pay my electric bill, uncertainty or being homeless",0.23060248792171478
4057,"The use of Klonopin (clonazepam) to manage symptoms of Generalized Anxiety Disorder (GAD) suggests a medication-related stress. The person's concerns about the side effects of the medication, the dosage increase by the doctor, and their decision to self-adjust the dosage indicate a focus on the impact of medication on their mental state.","I have been a chronic sufferer of gad all my life, i'm constantly euphoric, spontaneous feeling of deep rage and an impulse to punch and scream",0.4646039605140686
4058,"The person is showing signs of significant distress due to the multiple relationship-related issues their girlfriend is facing, including GPA, weight, job prospects, and finances. The mention of depression and thoughts of self-harm indicate a deep level of emotional strain within the relationship. The person's fear of losing their girlfriend and uncertainty about her intentions highlight the intensity of the situation and the impact it is having on their mental state.","my gf is upse, I've tried talking to her and it's not helping, don't know what to do, can't live without her",0.26182958483695984
4059,"The person expresses feelings of alienation and isolation due to their appearance, which has led to continuous ridicule and bullying from strangers. This has severely impacted their self-esteem and mental health, making them feel helpless and consider extreme solutions such as suicide. The repeated negative experiences with strangers, rejection in dating, and lack of support from friends or classmates indicate a deep sense of alienation and disconnection from society.","i get rejected hardcore, i feel helpless right now, i have no idea what to do.",0.2820884585380554
4060,"The premise describes a situation where the person is experiencing severe depression and anxiety, feeling isolated from friends, and has extremely strict parents who may not be providing the necessary support. The lack of understanding and support from parents in such a critical situation can lead to relationship-related stress, contributing to the person's current mental state.","my parents are strict, i have lost all my friends, my self esteem is at a zero, i have no one to stop me",0.46503543853759766
4061,"The author of the premise is expressing feelings of alienation, confusion, and distress in various aspects of their life. They mention feeling stuck, having doubts about their future, and experiencing mistreatment from their parents, who seem to belittle and pressure them. The author's struggle with mental health issues, lack of work experience, and conflicts within their family contribute to a sense of alienation and disconnection from their surroundings. The feelings of not being understood by their parents, being restricted from pursuing relationships, and contemplating self-harm suggest a deep-rooted sense of alienation and isolation, leading to a state of distress and uncertainty in the individual's mind.","i am disabled girl, i am too unwell to work ,  i feel  stuck",0.18362869322299957
4062,"The person feels alienated and isolated due to having no friends, which is contributing to their strong emotional response and desire to cry. This sense of loneliness and feeling like they don't want to be in this state for the rest of their life points towards alienation-related stress.","i have no friends, i don't want to be like this",0.32664573192596436
4063,"The mention of struggling to sleep, feeling tired of the situation, and expressing hopelessness could indicate a mental state that is medication related stressed. The person might be feeling overwhelmed and possibly considering the lack of improvement in their condition, leading to this state.","i am so tired, i don't think i'll ever come out",0.22205707430839539
4064,"The person is experiencing relationship-related stress. The sudden and shocking situation of their boyfriend's mental health crisis and the almost attempt at suicide has put them in a difficult emotional spot. The pressure from their work and friends to continue as if nothing happened, along with the judgment and questioning of their actions, is adding to their distress and confusion. The person is seeking advice on how to navigate these conflicting emotions and expectations, highlighting the significant impact this relationship event has had on their well-being.","my boyfriend called he was checking into a mental hospital, i wasn't strong enough for my boyfriend, i feel at a loss",0.5059991478919983
4065,"The premise reflects relationship-related stress as the writer expresses feelings of neglect, lack of care, and unfulfilled emotional needs towards their mother. They mention a plethora of instances where they feel unloved, unsupported, and unappreciated by their mother, which has led to feelings of alienation and longing for a closer relationship. This strong emotional disconnect and the desire for a more nurturing maternal figure indicate a significant level of relationship-related stress in the writer's mental state.","want a mother, never felt comfortable coming to you, care about me, shrug me off, never ask, never helped, alone",0.42343974113464355
4066,"The person is experiencing feelings of unworthiness and a sense of alienation from their own emotions and thoughts. They mention comparing themselves to others and feeling worse over time, as well as struggling to understand their own feelings. This sense of disconnection and confusion about their true emotions and identity align more closely with the category of Alienation related stress.","considering myself unworthy, feel worried, feeling worse, negative habit, interest faded, hard time, upsets me",0.5449198484420776
4067,"The person expresses feelings of alienation and loneliness, indicating a sense of disconnect from others and a longing for understanding and emotional support. The mention of wanting someone to hug them and cry about life together highlights the desire for a deep connection and shared experiences, which they feel unable to achieve physically.","want to talk to someone, want someone to hug me, cry about this shitty life",0.5712488293647766
4068,"Expressions of self-hatred and sadness suggest relationship-related stress, possibly stemming from issues with self-esteem or personal relationships.",hate myself,0.4640979766845703
4069,"The person is experiencing relationship-related stress due to the breakup with their ex-partner. The intense emotions of heartbreak, feeling abandoned because of their depression, and the longing for reconciliation indicate a significant impact on their mental state caused by the failed relationship.","breakup, heartbroken, argument, ruined it, suffered, hurt the most, person i loved the most couldn't handle me",0.5571012496948242
4070,"The author's words suggest deep emotional distress related to family relationships. They express feelings of being abandoned, hatred, blame, and a sense that their family is not nurturing or supportive. The desire for peace after all the turmoil and the references to longing for an honest smile indicate a strained relationship within the family. The comparison between cats and dogs also hints at feelings of betrayal or lack of loyalty, possibly stemming from family relationships.","it's better to be abandoned, rather than have a ""family"" like that, if you can even call 1 parent that hates you, and blames for everything, will miss my cat",0.41689983010292053
4071,"The person expresses feelings of loneliness, lack of energy, and lack of excitement in interacting with others. They also mention feeling like their friends don't care about them and not being able to depend on their family for support. These are common signs of alienation-related stress, where the individual feels disconnected from social relationships and support systems.","don't think any of my friend care about me, can't depend on my family for any support, got first job but still feel shit, ",0.3891872763633728
4072,"The mention of drinking and crying in response to a situation suggests a relationship-related stress, as these behaviors are commonly associated with coping mechanisms for emotional distress in relationships.","drinking, crying",0.6006776690483093
4073,"The person's struggle with work, anxiety, suicidal ideations, and potential relationship breakup all point towards relationship-related stress. The mention of finding solace only in the partner and the anxiety resulting from the upcoming end of the relationship indicate a significant emotional turmoil in the relationship aspect of the person's life.","struggling with work, only solace in life is my girl, found out it's likely to end soon",0.4768238663673401
4074,"The language and content of the text suggest a lot of anger and frustration towards family members, specifically the parents. This intense negative emotion towards loved ones indicates relationship-related stress.","keep demanding, have had enough, they will be relieved, thanks mom and dad",0.2905024588108063
4075,"The mention of not wanting to hurt family members suggests relationship-related stress. The desire to not know anyone may stem from a place of wanting to avoid causing any harm or distress to loved ones, indicating internal conflict and emotional burden within relationships.",don't want tohurt my family,0.452497661113739
4076,"The premise indicates significant mental health struggles, including major depression, anxiety, suicide attempts and self-harm, which have not been effectively managed. The individual expresses reluctance towards medication and a tendency to self-medicate with alcohol, work obsession, and high-risk sports. This behavior suggests a stressful relationship with medication, reflecting concerns and challenges related to medication management. The individual's experiences with self-harm, suicidal thoughts, and suicide planning further emphasize the complexity of their mental state and the need for professional intervention. The resistance towards seeking help and the fear of being locked up without autonomy over their treatment also align with the theme of medication-related stress.","embarrassed because i can't fit in with life, broken with no fix, don't want to bother family, friends, girlfriend, push everyone away",0.22312918305397034
4077,"The person is under extreme stress due to a series of unfortunate events related to financial struggles, car troubles, and dealing with incompetent mechanics. These situations have led to a feeling of being overwhelmed and reaching a breaking point. Relationship-related stress often involves financial difficulties and feeling alone or unsupported, which is evident in this scenario.","about to be late on rent, car wouldn't start, forced me to pay 600$, back to work 2 hours with no sleep, don't have money, reached the breaking point",0.4093572795391083
4078,"The person is experiencing intense emotional distress related to a romantic relationship. The long-distance nature of the relationship, combined with the uncertainty and heartbreak of their partner's decision to not continue, has led to feelings of hurt, self-doubt, and depression. The person is struggling with letting go and is feeling devastated by the thought of their partner drifting away. This relationship-related stress is causing significant emotional turmoil and self-criticism, leading to a sense of hopelessness and despair.","met his girl and fell in love, long distance not gonna work, told her can be there just friends, she wants me to stay there, feel like most egostical ",0.32713156938552856
4079,The mention of taking multiple pills and the feeling of relying on medication in order to function suggests that the person is experiencing stress related to medication.,"utter absence, loving nothing, self destruction, artificial emotions",0.13271045684814453
4080,"The person is experiencing relationship-related stress, as evidenced by the difficulties in maintaining romantic relationships, feeling unsupported by friends, and struggling with family dynamics. These relationship challenges are contributing to feelings of loneliness and a dwindling sense of purpose or hope, as indicated by a decreasing 'list of reasons to live'.","zero friends, parents don't understand, dead end job, couldn't finish college, alone",0.43860775232315063
4081,"The person is expressing feelings of alienation and detachment from their true self and their surroundings. They mention feeling like a walking multiple personality basket case, always being someone they are not, and experiencing a loss of motivation and joy in things they once found exciting. This sense of emptiness, lack of friends, and feeling like an empty shell further points towards a state of alienation. Additionally, the mention of being perceived as creepy or weird by others, family abandonment, and planning for a subtle 'multiple account deletion' further signify deep-seated feelings of disconnect and isolation from society and oneself.","broken up, her unfaithfulness, no friends, rash decisions, wrenching pain, empty shell",0.359421968460083
4082,"The person is experiencing mental distress related to a past trauma, which has caused them to lose their appetite and sleep. They are seeking help from a psychiatrist and hoping to find a solution to help them sleep. This indicates medication related stress, as they are looking for medical assistance to alleviate their symptoms.","haven't been able to sleep after my trauma, no appetite ",0.5124821066856384
4083,"The individual is experiencing relationship-related stress. The premise highlights feelings of guilt, self-blame, and sorrow due to damaging the trust with their boyfriend and causing friction with their best friend. The mention of past toxic relationships and the fear of confrontation from upbringing further emphasize the relationship dynamics at play. The individual's overwhelming sense of responsibility for the break in trust aligns with relationship-related stress and a deep desire to seek help and forgiveness in the context of their personal relationships.","ruined a friendship, broke the trust, screwed up, boyfriend, guilt, afraid of confronting, i bring misery, get yelled, heart just hurts",0.4382944107055664
4084,"The individual's description of feeling depressed, having concerns about their mental well-being, and exhibiting self-harming behavior with the kitchen knife indicates a state of mental health-related stress. The mention of growing an interest in a knife, along with phobia of sharp objects, and engaging in self-harming actions suggest a need for psychiatric or therapeutic intervention, which the individual feels unable to access due to cost concerns in their country. Therefore, the mental state described here falls under medication-related stress.","failed, won't graduate, fake everything, life's hard, day dream",0.12592968344688416
4085,"The person is experiencing relationship-related stress due to multiple rejections and feeling isolated after losing their last friend. The mention of using Tinder, getting likes but not matches, and feeling too scared to harm themselves indicates a distressing relationship situation.","got rejected twice, lowest score, kick me out, lost last friend, match never responded",0.4057123064994812
4086,"The person describes feeling genuinely happy and clear headed one day, but then suddenly experiencing feelings of overwhelming anxiety, hopelessness, and lack of motivation the next day. This sudden emotional shift and the presence of overwhelming feelings despite no specific reason could indicate a transient episode of feeling down, anxious and overwhelmed, which are common symptoms of being in a mentally distressed or 'not good' state.","anxious, hopeless, lost my spunk, overwhelmed",0.5930760502815247
4087,"The person expresses feelings of alienation and self-blame, believing that their presence causes negative events to occur. They feel like they are a burden and believe that bad things happen because of their presence, leading to a sense of alienation from others.","feel like burden, blame myself, hard to prevent",0.4020231366157532
4088,"The person is expressing thoughts of suicide and discussing feelings of constant self-doubt and wanting to end it all. They mention that they have never been diagnosed with depression or anxiety due to not disclosing their feelings to doctors. This reluctance to seek help and self-diagnose demonstrates a level of stress related to medication and mental health, as the person is unsure about their own mental state and how to address it properly. The thoughts of self-harm and consistent negative self-perception indicate a need for professional guidance and support.","getting ready for an interview for a new job, there's period where i constantly feel bad about myself",0.3343743085861206
4089,"The individual seems to be engaging in self-harm behavior by cutting themselves with various objects, and it has escalated to a point where they are experiencing addiction and fear. The mention of finding happiness when seeing blood and the struggle to stop despite being aware of the emotional damage suggests a deep-rooted issue. This behavior could be a manifestation of underlying mental health concerns or emotional distress, which may require medication or professional intervention to address.","cut myself, addicted, emotional damage, scared",0.529814600944519
4090,"The mention of missing a dose of Sertraline and the subsequent impact on their mental state indicates a concern related to medication. The individual is experiencing a deep depressive episode and is worried about the effect of missing a single dose, implying a significant reliance on medication for managing their mental health. This heightened focus on medication and its impact on their well-being points towards medication related stress.","need to know someone is there for me, nothing sounds better to the dark part of my brain, leave scars, breakdowns",0.24822065234184265
4091,"The person is experiencing relationship-related stress, as they are feeling sad, hurt, and contemplating ending a friendship after being intimate with someone who is now unable to spend time with them. The emotional attachment formed through spending time together and engaging in a physical relationship has led to feelings of rejection and confusion. This situation is causing distress and inner turmoil, which is why it falls under the relationship-related stressed category.","this guy and I that I have known for two years have spent time together everyday, usually spent the night,  had sex a lot, asked him he told me he can't, feel so sad",0.3558872938156128
4092,"The person is experiencing relationship related stress such as being bullied, rejected by peers, and facing ridicule in dating. These negative experiences with others are causing emotional distress and feelings of inadequacy.","freshman year and i've been bullied, my grades slowly falling, homecoming date ditched me for another guy, fun of dating, she's a year younger",0.36536574363708496
4093,"The mention of being diagnosed with anxiety and depression, along with the struggle of getting out of bed and feeling like existence is questioned, indicates a mental state related to medication stress.","as a student living on his own, being diagnosed, why i exist in first place",0.3638877868652344
4094,"The individual has tried various methods to improve their mental state, including therapy and medication, but none have been effective. The frustration and exhaustion from trying multiple treatments indicate a stress related to medication.","Struggle, noticeable difference",0.24901112914085388
4095,"The person is expressing intense emotional distress after the loss of a loved one, indicating a relationship-related stress, likely related to grief and heartache.","meaning in my life has left with her, funeral is today",0.49311167001724243
4096,"The person is expressing feelings of alienation, loneliness, self-hatred, and a sense of pointlessness in life. The repetition of negative emotions and thoughts, along with a lack of motivation to change the current situation, indicate a deep sense of disconnection from oneself and others. The individual also feels like a burden to friends and family, further emphasizing the theme of alienation and loneliness. These feelings of being lonely in a house of 4 and missing friends but being too scared to go outside are all indicative of alienation-related stress.","Hate myself, painful, feel like shit, pointless, lie in bed",0.3922388553619385
4097,"The writing exhibits a deep sense of alienation and disconnect from oneself and others. The person feels unworthy of love and lacks self-esteem, which are common feelings associated with alienation stress. The mention of not being able to feel anything except sadness and pain, along with a sense of hopelessness and a desire for self-harm or drug abuse, further points towards an alienation related stressed state.","emotionally and verbally abusive father, have no self esteem, nothing about me is good, cannot feel happy unless i'm cutting or abusive drugs, nevr be loved ",0.35982364416122437
4098,"The person's feelings of not being able to get out of bed, self-loathing when looking in the mirror, lack of long-term plans, and mentioning not being able to last enough indicate symptoms of alienation and disconnection from oneself and the world. These feelings suggest a sense of being isolated, dissatisfied, and disconnected from their surroundings, leading to a state of alienation-related stress.",can't look myself in the mirror without feeling i'm about to throw up,0.4717256724834442
4099,"The person is expressing feelings of alienation, isolation, and worthlessness, which indicate a sense of disconnection from others and society. The lack of self-confidence and inability to give or receive love further contribute to the feeling of being unwanted and undesired, intensifying the sense of alienation. This cycle of negative thoughts and emotions can lead to depression and feelings of worthlessness, ultimately resulting in a state of alienation-related stress.","alone, lack of self confidence, feeling of unwanted, isolation, not achieving anything ",0.5363489985466003
4100,"The person expresses feelings of alienation, both in terms of social relationships and romantic relationships. They mention feeling alone, having difficulties in forming connections, and struggling with their communication skills which might be linked to the concussions they have experienced. Additionally, the person exhibits behavior that leads to conflicts and misunderstandings with others, showcasing a sense of disconnect from those around them. This sense of isolation and inability to maintain healthy relationships contributes to the overall feeling of hopelessness and helplessness.","constantly high on marijuana, i don't mean the sense of friendship, romantic relationship, feel alone, feel trash",0.34314319491386414
4101,"The person's narrative indicates a deep sense of alienation and detachment from their family members, as well as feelings of isolation and disconnection from their partner. The individual expresses a profound sense of loneliness and a lack of support from those closest to them. This prolonged sense of alienation and lack of meaningful connections with others has contributed to their severe anxiety and depression, making them feel lost and unable to find joy in life. The person's difficulty in opening up to others and seeking help further highlights their feelings of being disconnected and alone.","not so well family, mom left, sister left, father distanced himself from us, live with my boyfriend, here is where the problem is, find no job in life",0.36047661304473877
4102,"The person is expressing feelings of being thrown into a spiral and not doing well mentally due to a comment made by someone, indicating relationship-related stress. Additionally, the mention of having no support system outside of the person who made the comment and the person's dad further highlights the importance of relationships in causing stress. The contemplation of quitting school after three years of college work without attaining a degree also suggests a significant impact on their state of mind due to relationship-related stress.","So done, spiral, no support system, nowhere close to degree",0.19967904686927795
4103,"The mention of feeling void, lack of heavy feelings, and fear of not being taken seriously despite having concerns suggest a sense of alienation and disconnection from others. The fear of desensitization and the worry caused by friends' opinions indicate feelings of isolation and detachment, which are common indicators of alienation-related stress.","feel void, friends options and other things make me worry, scares me that's desensitization ",0.6867687702178955
4104,"The person is experiencing extreme distress and self-loathing after giving birth, feeling regretful about their decision to have a baby and expressing a deep sense of dissatisfaction with their body post-pregnancy. This intense emotional turmoil, anxiety, and panic attacks surrounding their physical appearance and the fear of being rejected by their partner suggest a significant relationship-related stress. The mention of not being able to be a mom in this state also points towards the impact of the situation on their maternal role and family dynamics.","PTSD, regret, panic attack, hate me, anxiety, vain ",0.3097382187843323
4105,"The person mentions exhaustion, difficulty concentrating, neglect of personal hygiene, lack of sleep, sore body, and inability to engage in leisure activities with friends, all of which are symptoms commonly associated with depression. Additionally, the person expresses guilt and self-doubt about their level of functioning, indicating a stress related to medication or treatment for mental health.","pathetic, hard to concentrate, can't cook or maintain anything, my body sore as hell",0.4197697937488556
4106,"The person expresses feelings of alienation and hopelessness, indicating a sense of disconnection from others and the world, as well as a lack of purpose or meaning in life.","nothing left, i don't want my mother and brother to feel the overwhelming feelings of sadness, tired of feeling guilt ",0.28553318977355957
4107,"The writer's use of phrases like 'Doctors push so many drugs on me' and 'I do not even think because of it therapy just wants me to blame my father' indicates a strong sense of distress and frustration towards medication and therapy. This suggests that the person is under medication-related stress, feeling overwhelmed by the pressure to rely on drugs and therapy for their well-being but not finding the relief or support they need from these treatments.","family, splintered, lost dad, lost mother, drugs, doctors, pile of shit, loser",0.23440790176391602
4108,"The person is struggling due to a series of unfortunate events starting from the injury at work, resulting in surgery and complications, leading to financial instability. The stress of being forced to resign, losing income, facing rejection in job interviews, and being on the brink of homelessness all point towards significant job and career-related stress.","injury happened at work, looking for work, had several interviews, out of money, about to be homeless",0.6878265142440796
4109,"The person's statement indicates a feeling of alienation and emotional exhaustion due to the toxic environment at work where everyone is against each other. The mention of trying to be a happy medium and the desire for peace suggests a sense of disconnection and isolation in their current situation, leading to feelings of alienation-related stress.","everyone at work is against each other, shit, tired, want peace",0.5983940362930298
4110,The individual's mental state seems to be jobs and careers related stressed. Taking time off from college to relax but feeling the need for money and facing rejection in job interviews can be highly stressful and contribute to jobs and careers related stress.,"Need money, can't find a job, was rejected",0.37743455171585083
4111,"The person is feeling a sense of disconnect and is seeking validation or connection, possibly indicating relationship-related stress.","Can't shake the thoughts, out of my head",0.26679688692092896
4112,"The language used in the premise suggests feelings of alienation and lack of uniqueness. The person seems to feel disconnected from their own identity, as if they are just a collection of borrowed traits from others, which can be a sign of alienation related stress.","Patch of work, worn out",0.057203859090805054
4113,"The mention of feeling empty, loss of interest in activities that were once enjoyable, and the suspicion of having depression indicate a mental state related to medication. Depression often requires medication to address the chemical imbalances in the brain that contribute to the symptoms described.",completely empty,0.25226151943206787
4114,"The language used, such as feeling alone, rejected, and the desire to escape from this planet, all indicate feelings of alienation and disconnection from others. The person expresses deep emotional pain and a sense of hopelessness in their current situation, which suggests a state of alienation-related stress.","hold on until i could leave my family in better financially, no one likes me, hurts being alone, hurts being rejected",0.27960413694381714
4115,"The person expresses feelings of alienation, detachment, and a sense of disconnection from reality through their day dream of isolating themselves in a small room for the rest of their life. The mention of feeling like a liar and an idiot, along with the struggle to snap out of the day dream, further indicates a state of alienation-related stress.","fucking liar idiot, hates me, snap out of it",0.4278847575187683
4116,"The person's feelings of inadequacy, self-sabotage, and thoughts of ending their life point towards relationship related stress. The mention of their children and the impact of their actions on them indicate a deep emotional struggle within the family dynamic, which is causing significant distress.","debt, gambling addiction, 3 overdoses with zopiclone, end up back at square one ",0.1328132152557373
4117,"The person in the premise is expressing feelings of alienation, hopelessness, self-hatred, and worthlessness. They feel disconnected from others and feel like they are not understood or accepted by society. The mention of being turned away by the state, struggling with reaching out for help, not being valued by others, and feeling like a leech all point towards a mental state of alienation-related stress.","can't aford home, can't afford bills, can't afford food, about to lose home, have nothing left to sell, can' t work part time",0.2673640251159668
4118,"The person is feeling worthless and isolated, finding solace only in a video game release. The fact that they are considering drastic measures once the game is over highlights a deep sense of disconnection from real-life sources of happiness and fulfillment, leading to feelings of alienation.","I feel really worthless because The only thing keeping me alive is a video game coming out in 15 days, I finish the game because there will nothing else to make me happy",0.5877958536148071
4119,"The person expressed feeling empty, worthless, and depressed, which are common symptoms of mental health issues. Additionally, the mention of not having insurance and trying to figure out the cost of seeking help indicates medication related stress. The mention of wanting to get drunk to numb the pain further suggests a coping mechanism that pertains to medication related stress.","i feel empty an worthless, I dont wanna hear call the helpline, because I've called several and no one gives a shit and they really dont help",0.449387788772583
4120,"The person who wrote the premise appears to be experiencing alienation-related stress. They express feelings of loneliness, isolation, and a lack of connection to others throughout their narrative. They describe having no one close to talk to, feeling ignored by friends, living with family members but not seeing them, and having strained or absent relationships with family members. This sense of alienation and disconnection from others has significantly impacted their mental well-being, contributing to their negative thoughts, emotional breakdowns, and thoughts of suicide. The lack of emotional support and meaningful connections in their life has led them to a state of hopelessness and a pervasive feeling of being alone in their struggles.","i never see my parents due to mom and step dad being too busy with work, my dad is probably some where rotting in arizona, my sister is deployed in the navy, my older brothr is a drug addict, i have no one close to talk to about it",0.320742666721344
4121,"The person's mental state seems to be primarily influenced by relationship-related stress. The intense attachment to someone who ghosted them, the self-hatred, feelings of not being deserving, and the emotional turmoil upon learning about the other person's suicide attempt all point towards relationship-related issues playing a significant role in their distress.","still cared about her, i don't feel like i deserve to be as broken down, she probably didn't even think of me for a moment",0.22288478910923004
4122,"The person expresses feelings of loneliness, isolation, and a deep sense of missing out on various aspects of life such as socializing, dating, and having a stable living situation. The repeated losses of jobs, relationships, a place to live, and personal belongings have led to a significant sense of alienation and disconnection. This ongoing cycle of loss and struggle has left the person feeling hopeless about the future and questioning if things will improve over time.","i lost my only place i had to live, lost at least 2-3 jobs in 3 years span, i lost a girl i loved, i lost a career, i was failing, i am homeless, jobless, hungry",0.48069334030151367
4123,"The person expresses a strong sense of alienation and disconnection from society throughout the text. They feel different from others, unable to connect with people, and frustrated by the lack of understanding and companionship. The individual's experiences with bullying, feeling out of place in their environment, and the lack of meaningful connections with others contribute to a deep sense of alienation and isolation.","i dont't really qualify myself about something special, i hated my school partners, ",0.23886343836784363
4124,"The use of the phrase 'I don't wanna go back to the hospital' suggests that the person might have had negative experiences with medication or treatment in the past, leading to medication-related stress and fear of seeking help through traditional channels like hotlines or parents.","i don't trust myself an i am scared, i can't talk to mu parents beacause i don't wanna go back to the hospital",0.43567216396331787
4125,"The person expressing the premise seems to be experiencing alienation-related stress as they are worried about their friends or family members suffering from depression. They express a sense of helplessness and curiosity about how to effectively support individuals dealing with depression, which may stem from feeling disconnected or estranged from the experiences of their loved ones.","have family member that suffer from depression, ",0.5563960075378418
4126,"The language used in the premise indicates a deep sense of despair, hopelessness, and self-harm ideation, which are often associated with mental health issues requiring medication. The mention of feeling like a burden on loved ones, not recognizing oneself, and dreading the future suggest a state of mental distress that may necessitate medication-related intervention.","feel like a burden on my fiance, struck , can't move or eat normally ",0.21572750806808472
4127,"The person expresses feelings of soul-crushing loneliness, alienation, lack of physical touch, and isolation. These emotional struggles indicate a state of alienation-related stress, as the individual feels disconnected from meaningful social connections and lacks a sense of belonging or companionship in their life.","doctors visit, soul crushing loneliness , don't see any reason to continue living like this",0.5128480195999146
4128,The premise suggests feelings of alienation and uncertainty about fitting in or connecting with others. The mention of looking for a link to potentially help with fitting in or talking to others indicates a sense of disconnectedness and a desire for belonging.,might fit in ,0.2752261459827423
4129,The language used in the premise suggests a high level of emotional distress linked to relationships or personal circumstances. The feelings of disappointment and despair expressed in the text indicate that the individual is facing challenges in their relationships or personal life.," worked so hard , don't know what to do , can't wake up without crying",0.14961369335651398
4130,"The author of the premise is experiencing intense feelings of rejection and betrayal in their relationships, particularly with the girl they fell in love with. This has led to feelings of insecurity, self-doubt, and a sense of worthlessness. The author's negative experiences with friendships and romantic relationships have contributed to their belief that they are unlovable and undeserving of genuine connection. The overwhelming desire to escape from their current situation and the contemplation of self-harm indicate a deep emotional pain and distress caused by relationship-related stress."," insecurity, ugly, hate everyone , sad, not motivated",0.39410775899887085
4131,"The person is in a severe depressive episode which is affecting their mental health and decision-making abilities. During such episodes, individuals may experience impairments in their cognitive functions, including understanding, appreciating, reasoning, and expressing a choice. These impairments can be a result of the depression itself or any medication they might be taking to manage it. The person expresses a lack of reliability in possessing these decision-making abilities during depressive episodes, indicating a level of stress and concern related to medication and mental health issues.","acute depressive episode , affecting mental health ",0.6549878120422363
4132,The writer is expressing concern and worry about their best friend who is struggling with the loss of a friend to suicide. This indicates that the writer is experiencing relationship-related stress due to their friend's mental health issues and the trauma of losing someone to suicide.,recently lost a friend to suicide,0.5027115345001221
4133,"The person expresses feelings of alienation, inadequacy, and loneliness, highlighting a sense of being disconnected from others and society. There is a strong feeling of not fitting in and being left out, particularly in comparison to others who are perceived as doing well. This sense of isolation and failure is causing distress and a lack of direction in life, leading to a desire for support and guidance. The individual's focus on their perceived insignificance and inability to find a job or pursue their aspirations reflects a state of alienation-related stress."," lost my job, can't fine a new job have to do things by own",0.2282027304172516
4134,"The person who wrote the premise is experiencing a deep sense of guilt, remorse, and overwhelming grief after having to make the difficult decision to euthanize their cat. The individual is blaming themselves for the deteriorating health and eventual loss of their beloved pet. The guilt and regret are causing immense emotional distress, leading to thoughts of self-harm and a strong desire to end their own life. The person is also struggling with feelings of failure in not being able to properly care for their cat due to their job stress and the responsibility of taking care of their grandmother with dementia. The intense emotional pain and self-blame are indicative of relationship-related stress, specifically the loss of a cherished pet and the perceived failure to provide proper care and treatment, ultimately culminating in a desire to end their own suffering.","contemplating ending my own life because of the horrible guilt, i murdered, cat",0.6185490489006042
4135,"The person's mental state seems to be primarily affected by relationship-related stress. They are experiencing significant turmoil due to the strained relationship with their cousin who initially appeared supportive but is now displaying unkind behavior. The person feels lonely, unappreciated, and even questioned the idea of ending their life due to the overwhelming negative interactions within this relationship. This turmoil in the relationship is causing immense distress and is the predominant source of their current mental anguish.","so full of this shitty life , away from my family",0.27077221870422363
4136,"The person is feeling overwhelmed due to relationship issues, as they mention feeling hated by everyone, having nobody to turn to, and struggling with their friends and teacher. These relationship-related stressors are causing them to feel like a failure and even mentioning thoughts of self-harm.","failing chemistry, teacher a pervert , i ruined everything , everybody hates me ",0.4272688627243042
4137,"The person expresses feelings of alienation, not feeling like they belong in the world, and a desire to go back to where their soul came from. This sense of disconnection and tiredness with life indicates alienation-related stress.","even family have been against me, exhausted with life, not ever belonging in this world , want to go back to wherever my soul came from",0.4610902667045593
4138,"The writer is feeling relationship-related stress due to the uncomfortable and inappropriate behavior exhibited by their father. The presence of perverted actions from the father, coupled with the mother's indifference, suggests a strained family dynamic, leading to the desire to move out and be alone.","tired of my dad being a pervert, my mom being oblivious, pretending not to notice, their marriage is over anyway, she doesn‚Äôt give a shit. ",0.39496809244155884
4139,The mention of someone consuming a lot of sleeping pills indicates a concern about medication usage. The guilt expressed about the situation also suggests a level of distress related to the potential harm caused by the medication consumption and the uncertainty about how to handle the issue. This aligns with a category of medication related stress., consuming a lot of sleeping pills just for not having to deal with the daily problems,0.6126760244369507
4140,"The person's mention of wanting to buy a weapon to harm themselves, feeling overwhelmed with life circumstances, and struggling with their mental health indicates a state of distress possibly related to medication. The person's mention of a certification in IT and job as a Pharmacy tech could suggest a focus on seeking help or treatment for their mental health struggles.","studying to get a certification for IT, get a job at a geek squad, looking at getting a job as a Pharmacy tech, I'm running out of steam and ideas, refuse to let myself become a burnout, wanting to buy a pocket pistol or similar weapon to off myself ",0.4275639057159424
4141,"The person is expressing feelings of alienation and helplessness, believing that others are controlling their life. This sense of powerlessness and isolation can lead to severe anxiety and the desire to escape. It's important for the person to seek support and professional help to address these feelings of alienation and find healthier ways to cope."," people are controlling every aspect of my life ,  help find an easy way out",0.29029056429862976
